ID,Name,Mark
1,Deanna,51
2,Holly,52
3,Richard,53
4,Patrick,54
5,Danielle,55
6,Christopher,56
7,Jennifer,57
8,Madison,58
9,Christopher,59
10,Jared,60
11,Cameron,61
12,George,62
13,Brian,63
14,Richard,64
15,Chad,65
16,Angela,66
17,Alexander,67
18,Justin,68
19,Daniel,69
20,Stephen,70
21,Heidi,71
22,David,72
23,Jeffrey,73
24,John,74
25,Monica,75
26,Jonathan,76
27,Kent,77
28,Kyle,78
29,Jordan,79
30,Michael,80
31,Christopher,81
32,Sean,82
33,Sandra,83
34,Justin,84
35,John,85
36,Daryl,86
37,David,87
38,Donna,88
39,Rachel,89
40,Gabrielle,90
41,Amy,91
42,Katherine,92
43,Tiffany,93
44,Jeremy,94
45,Jonathan,95
46,Michael,96
47,Michael,97
48,Steven,98
49,Paula,99
50,Ralph,50
51,Benjamin,51
52,Joshua,52
53,Matthew,53
54,Diana,54
55,Patrick,55
56,Hayden,56
57,Randy,57
58,Margaret,58
59,Michael,59
60,Ronald,60
61,Elizabeth,61
62,Russell,62
63,Matthew,63
64,Robert,64
65,Andrea,65
66,Julia,66
67,Joshua,67
68,Steven,68
69,Cynthia,69
70,Thomas,70
71,Michelle,71
72,Jodi,72
73,David,73
74,Nancy,74
75,Amanda,75
76,Brian,76
77,Kathryn,77
78,Michael,78
79,Michael,79
80,Jordan,80
81,Michael,81
82,Adam,82
83,Laura,83
84,Jason,84
85,Julie,85
86,Samantha,86
87,Lori,87
88,Alexis,88
89,Michael,89
90,Harold,90
91,Daniel,91
92,Jessica,92
93,Kristin,93
94,Eric,94
95,Bonnie,95
96,Linda,96
97,Melissa,97
98,Denise,98
99,Karen,99
100,Christopher,50
